"Reference","Value","Footprint","LCSC"
"B1","BUTTON-4p5X4p5","TIS_Footprints:BUTTON-4p5X4p5","C410371"
"C1","C-0.1-0603","TIS_Footprints:C_0603","C14663"
"C2","C-0.1-0603","TIS_Footprints:C_0603","C14663"
"C3","C-0.1-0603","TIS_Footprints:C_0603","C14663"
"C4","C-1u-0603","TIS_Footprints:PAD_0603","C15849"
"C5","C-0.1-0603","TIS_Footprints:C_0603","C14663"
"C6","C-0.1-0603","TIS_Footprints:C_0603","C14663"
"C7","C-0.1-0603","TIS_Footprints:C_0603","C14663"
"C8","C-0.1-0603","TIS_Footprints:C_0603","C14663"
"C9","C-0.1-0603","TIS_Footprints:C_0603","C14663"
"C10","C-0.1-0603","TIS_Footprints:C_0603","C14663"
"C11","C-10u-0603","TIS_Footprints:PAD_0603","C96446"
"C12","C-10u-0603","TIS_Footprints:PAD_0603","C96446"
"C13","C-10u-0603","TIS_Footprints:PAD_0603","C96446"
"C14","C-10u-0603","TIS_Footprints:PAD_0603","C96446"
"C15","C-0.1-0603","TIS_Footprints:C_0603","C14663"
"C16","C-0.1-0603","TIS_Footprints:C_0603","C14663"
"C17","C-0.1-0603","TIS_Footprints:C_0603","C14663"
"C18","C-0.1-0603","TIS_Footprints:C_0603","C14663"
"C19","C-0.1-0603","TIS_Footprints:C_0603","C14663"
"C20","C-0.1-0603","TIS_Footprints:C_0603","C14663"
"C21","C-0.1-0603","TIS_Footprints:C_0603","C14663"
"C22","C-22u-0603","TIS_Footprints:PAD_0603","C59461"
"C23","C-0.1-0603","TIS_Footprints:C_0603","C14663"
"C24","C-0.1-0603","TIS_Footprints:C_0603","C14663"
"C25","C-1u-0603","TIS_Footprints:PAD_0603","C15849"
"C26","C-0.1-0603","TIS_Footprints:C_0603","C14663"
"C27","C-0.1-0603","TIS_Footprints:C_0603","C14663"
"C28","C-0.1-0603","TIS_Footprints:C_0603","C14663"
"C29","C-10u-0603","TIS_Footprints:PAD_0603","C96446"
"C30","C-4.7p-0603","TIS_Footprints:C_0603","C1669"
"C31","C-4.7p-0603","TIS_Footprints:C_0603","C1669"
"C32","C-0.1-0603","TIS_Footprints:C_0603","C14663"
"C33","C-10u-50V-1206","TIS_Footprints:PAD_1206","C13585"
"C34","C-0.1-0603","TIS_Footprints:C_0603","C14663"
"C35","C-0.1-0603","TIS_Footprints:C_0603","C14663"
"C36","C-0.1-0603","TIS_Footprints:C_0603","C14663"
"C37","C-0.1-0603","TIS_Footprints:C_0603","C14663"
"C38","C-0.1-0603","TIS_Footprints:C_0603","C14663"
"C39","C-0.1-0603","TIS_Footprints:C_0603","C14663"
"C40","C-0.1-0603","TIS_Footprints:C_0603","C14663"
"C41","C-22u-0603","TIS_Footprints:PAD_0603","C59461"
"C42","C-0.1-0603","TIS_Footprints:C_0603","C14663"
"C43","C-0.1-0603","TIS_Footprints:C_0603","C14663"
"C44","C-0.1-0603","TIS_Footprints:C_0603","C14663"
"C45","C-22u-0603","TIS_Footprints:PAD_0603","C59461"
"C46","C-0.1-0603","TIS_Footprints:C_0603","C14663"
"C47","C-22u-0603","TIS_Footprints:PAD_0603","C59461"
"C48","C-0.1-0603","TIS_Footprints:C_0603","C14663"
"C49","C-0.1-0603","TIS_Footprints:C_0603","C14663"
"C50","C-56p-0603","TIS_Footprints:C_0603","C107053"
"C51","C-12p-0603","TIS_Footprints:PAD_0603","C576801"
"C52","C-330p-0603","TIS_Footprints:PAD_0603","C327088"
"C53","C-82p-0603","TIS_Footprints:C_0603","C1683"
"C54","C-39p-0603","TIS_Footprints:C_0603","C107049"
"C55","C-68p-0603","TIS_Footprints:C_0603","C62782"
"C56","C-47p-0603","TIS_Footprints:C_0603","C105622"
"C57","C-330p-0603","TIS_Footprints:PAD_0603","C327088"
"C58","C-68p-0603","TIS_Footprints:C_0603","C62782"
"C59","C-22p-0603","TIS_Footprints:C_0603","C105620"
"C60","C-100p-0603","TIS_Footprints:PAD_0603","C14665"
"C61","C-56p-0603","TIS_Footprints:C_0603","C107053"
"C62","C-1u-0603","TIS_Footprints:PAD_0603","C15849"
"C63","C-0.1-0603","TIS_Footprints:C_0603","C14663"
"C64","C-0.1-0603","TIS_Footprints:C_0603","C14663"
"C65","C-10u-0603","TIS_Footprints:PAD_0603","C96446"
"C66","C-0.1-0603","TIS_Footprints:C_0603","C14663"
"C67","C-0.1-0603","TIS_Footprints:C_0603","C14663"
"C68","C-0.1-0603","TIS_Footprints:C_0603","C14663"
"C69","C-0.1-0603","TIS_Footprints:C_0603","C14663"
"C70","C-0.1-0603","TIS_Footprints:C_0603","C14663"
"C71","C-0.1-0603","TIS_Footprints:C_0603","C14663"
"C72","C-0.1-0603","TIS_Footprints:C_0603","C14663"
"C73","C-0.1-0603","TIS_Footprints:C_0603","C14663"
"C74","C-0.1-0603","TIS_Footprints:C_0603","C14663"
"C75","C-0.1-0603","TIS_Footprints:C_0603","C14663"
"C76","C-0.1-0603","TIS_Footprints:C_0603","C14663"
"C77","C-0.1-0603","TIS_Footprints:C_0603","C14663"
"C78","C-8.2p-0603","TIS_Footprints:PAD_0603","C962145"
"D1","Schottky_Pwr_B5819W","TIS_Footprints:SOD-123","C8598"
"D2","Schottky_Pwr_B5819W","TIS_Footprints:SOD-123","C8598"
"D3","LED_RGB_SIDE","TIS_Footprints:LED_RGB_SIDE","C389528"
"J1","CONN_SMA_JACK_EDGE_JLC_With_Nut","TIS_Footprints:SMA_Jack_EdgeMount_JLC_With_Nut","C2874826"
"J2","CONN_SMA_JACK_EDGE_JLC_With_Nut","TIS_Footprints:SMA_Jack_EdgeMount_JLC_With_Nut","C914558"
"J4","CONN_SMA_JACK_EDGE_JLC_With_Nut","TIS_Footprints:SMA_Jack_EdgeMount_JLC_With_Nut","C914558"
"J5","USB-3.0","TIS_Footprints:USB-3.0","C2895032"
"J6","Conn_01x03","TIS_Footprints:Pin_Header_Straight_1x03_Pitch2.54mm","C2937625"
"J7","Conn_01x03","TIS_Footprints:Pin_Header_Straight_1x03_Pitch2.54mm","C2937625"
"J8","Conn_01x03","TIS_Footprints:Pin_Header_Straight_1x03_Pitch2.54mm","C2937625"
"J9","Conn_01x03","TIS_Footprints:Pin_Header_Straight_1x03_Pitch2.54mm","C2937625"
"J10","U.FL-R","TIS_Footprints:HRS_U.FL-R-SMT(01)","C88374"
"L1","FBEAD0603-1u-190mA","TIS_Footprints:0603","C307748"
"L2","TIS_LOGO","TIS_Footprints:TIS-Logo",""
"L3","FBEAD0603_2A","TIS_Footprints:0603","C14709"
"L4","FBEAD0603-1u-190mA","TIS_Footprints:0603","C307748"
"L5","FBEAD0603-1u-190mA","TIS_Footprints:0603","C307748"
"L6","FBEAD0603-1u-190mA","TIS_Footprints:0603","C307748"
"L7","FBEAD0603-1u-190mA","TIS_Footprints:0603","C307748"
"L8","Inductor-180n-1008","TIS_Footprints:Murata2U","C162664"
"L9","Inductor-820n-1008","TIS_Footprints:Murata2U","C701161"
"L10","Inductor-120n-1008","TIS_Footprints:Murata2U","C2044072"
"L11","Inductor-120n-1008","TIS_Footprints:Murata2U","C2044072"
"L12","Inductor-820n-1008","TIS_Footprints:Murata2U","C701161"
"L13","Inductor-150n-1008","TIS_Footprints:Murata2U","C2043109"
"L14","Inductor-150n-1008","TIS_Footprints:Murata2U","C2043109"
"L15","FBEAD0603-1u-190mA","TIS_Footprints:0603","C307748"
"L16","FBEAD0603-1u-190mA","TIS_Footprints:0603","C307748"
"L17","FBEAD0603-1u-190mA","TIS_Footprints:0603","C307748"
"Q1","PMOS Si2343DS","TIS_Footprints:SOT-23","C6903"
"Q2","MMBT3904","TIS_Footprints:SOT-23","C20526"
"Q3","PMOS Si2343DS","TIS_Footprints:SOT-23","C6903"
"R1","R-4.7-0603","TIS_Footprints:PAD_0603","C23164"
"R2","R-47Ω-0603","TIS_Footprints:PAD_0603","C23179"
"R3","R-47Ω-0603","TIS_Footprints:PAD_0603","C23179"
"R4","R-4.7-0603","TIS_Footprints:PAD_0603","C23164"
"R5","R-4.7-0603","TIS_Footprints:PAD_0603","C23164"
"R6","R-100K-0603","TIS_Footprints:PAD_0603","C25803"
"R7","R-2.0K-0603","TIS_Footprints:PAD_0603","C22975"
"R8","R-22Ω-0603","TIS_Footprints:PAD_0603","C23345"
"R9","R-22 0402x4","TIS_Footprints:4D02","C25499"
"R10","R-22 0402x4","TIS_Footprints:4D02","C25499"
"R11","R-22 0402x4","TIS_Footprints:4D02","C25499"
"R12","R-22 0402x4","TIS_Footprints:4D02","C25499"
"R13","R-6.04K-0603","TIS_Footprints:PAD_0603","C25977"
"R14","R-200-0603","TIS_Footprints:PAD_0603","C8218"
"R15","R-1K-0603","TIS_Footprints:PAD_0603","C21190"
"R16","R-1K-0603","TIS_Footprints:PAD_0603","C21190"
"R17","R-1K-0603","TIS_Footprints:PAD_0603","C21190"
"R18","R-0Ω-0603","TIS_Footprints:PAD_0603","C21189"
"R20","R-0Ω-0603","TIS_Footprints:PAD_0603","C21189"
"R24","R-100K-0603","TIS_Footprints:PAD_0603","C25803"
"R25","R-1K-0603","TIS_Footprints:PAD_0603","C21190"
"R26","R-1K-0603","TIS_Footprints:PAD_0603","C21190"
"R27","R-1K-0603","TIS_Footprints:PAD_0603","C21190"
"R28","R-51Ω-0603","TIS_Footprints:PAD_0603","C23197"
"R29","R-2.2K-0603","TIS_Footprints:PAD_0603","C4190"
"R30","R-51Ω-0603","TIS_Footprints:PAD_0603","C23197"
"R31","R-51Ω-0603","TIS_Footprints:PAD_0603","C23197"
"R32","R-220Ω-0603","TIS_Footprints:PAD_0603","C22962"
"R33","R-10Ω-0603","TIS_Footprints:PAD_0603","C22859"
"R34","R-2.2K-0603","TIS_Footprints:PAD_0603","C4190"
"R35","R-51Ω-0603","TIS_Footprints:PAD_0603","C23197"
"R36","R-51Ω-0603","TIS_Footprints:PAD_0603","C23197"
"R37","R-220Ω-0603","TIS_Footprints:PAD_0603","C22962"
"R38","R-10Ω-0603","TIS_Footprints:PAD_0603","C22859"
"R39","R-51Ω-0603","TIS_Footprints:PAD_0603","C23197"
"R40","R-100-0603","TIS_Footprints:PAD_0603","C22775"
"R41","R-100-0603","TIS_Footprints:PAD_0603","C22775"
"R42","R-100-0603","TIS_Footprints:PAD_0603","C22775"
"R43","R-100-0603","TIS_Footprints:PAD_0603","C22775"
"R44","R-1M-0603","TIS_Footprints:PAD_0603","C22935"
"R45","R-330Ω-0603","TIS_Footprints:PAD_0603","C23138"
"R46","R-10K-0603","TIS_Footprints:PAD_0603","C25804"
"R47","R-10K-0603","TIS_Footprints:PAD_0603","C25804"
"R48","R-330Ω-0603","TIS_Footprints:PAD_0603","C23138"
"R49","R-1M-0603","TIS_Footprints:PAD_0603","C22935"
"R50","R-1M-0603","TIS_Footprints:PAD_0603","C22935"
"R51","R-10K-0603","TIS_Footprints:PAD_0603","C25804"
"R52","R-10K-0603","TIS_Footprints:PAD_0603","C25804"
"R53","R-2.2K-0603","TIS_Footprints:PAD_0603","C4190"
"R54","R-2.2K-0603","TIS_Footprints:PAD_0603","C4190"
"R55","R-10K-0603","TIS_Footprints:PAD_0603","C25804"
"R57","R-22Ω-0603","TIS_Footprints:PAD_0603","C23345"
"R58","R-47K-0603","TIS_Footprints:PAD_0603","C25819"
"R59","R-47K-0603","TIS_Footprints:PAD_0603","C25819"
"R60","R-10K-0603","TIS_Footprints:PAD_0603","C25804"
"R61","R-100-0603","TIS_Footprints:PAD_0603","C22775"
"TP21","TP-TINY","TIS_Footprints:TP-Tiny",""
"U1","AP2114H-3.3TRG1","TIS_Footprints:SOT-223_THERMAL","C150716"
"U2","AP2114H-3.3TRG1","TIS_Footprints:SOT-223_THERMAL","C150716"
"U3","AP2114H-3.3TRG1","TIS_Footprints:SOT-223_THERMAL","C150716"
"U4","LP5907MFX-3.3","TIS_Footprints:SOT-23-5","C80670"
"U5","UMW AMS1117-1.2","TIS_Footprints:SOT-223_THERMAL","C347218"
"U6","AD8370","TIS_Footprints:TSSOP-16-Thermal","C652752"
"U7","TVS-SP3011","TIS_Footprints:SP3011","C207281"
"U8","LTC2208CUP#PBF","TIS_Footprints:QFN-64_EP_9.5x9.5_Pitch0.5mm","C7458386"
"U10","XO-19.2MHZ","TIS_Footprints:SMD-2520","C49304731"
"U11","CYUSB3014-BZXCT","TIS_Footprints:BGA-121","C2952406"
"U12","","TIS_Footprints:SOT-23","C78088"
"U13","","TIS_Footprints:SOT-23","C78088"
"U14","LP5907MFX-3.3","TIS_Footprints:SOT-23-5","C80670"
"U15","","TIS_Footprints:SOT-23","C78088"
"U16","TLV3501","TIS_Footprints:SOT-23-6","C193413"
"U17","","TIS_Footprints:SOT-23","C78088"
"U18","NC7SV157","TIS_Footprints:SC-70-6","C184123"
"U19","74LVC2G14","TIS_Footprints:SC-70-6_rot90","C19829575"
"U20","Si5351A","TIS_Footprints:MSOP-10_W3mm","C504891"
"U21","NC7SV157","TIS_Footprints:SC-70-6","C184123"
"U22","SN65LVDS1","TIS_Footprints:SOT-23-5","C465731"
"X1","TCXO-27M","TIS_Footprints:TCXO-3225","C5203549"
"Z1","PESD5V0U1UA","TIS_Footprints:SOD-323","C5380401"
